epoch,time,train/box_loss,train/cls_loss,train/dfl_loss,metrics/precision(B),metrics/recall(B),metrics/mAP50(B),metrics/mAP50-95(B),val/box_loss,val/cls_loss,val/dfl_loss,lr/pg0,lr/pg1,lr/pg2
1,70.4488,1.27132,3.17293,1.51473,0.00333,1,0.7809,0.60593,0.67229,3.22796,1.02025,0.00016,0.00016,0.00016
2,137.109,0.8584,2.17832,1.16338,0.00929,1,0.95714,0.77614,0.64072,2.88966,0.93413,0.000339159,0.000339159,0.000339159
3,211.12,0.87496,1.51156,1.12153,1,0.48721,0.97766,0.78728,0.68869,2.84285,1.02435,0.000517426,0.000517426,0.000517426
4,284.089,0.83605,1.40963,1.09608,1,0.65911,0.995,0.82999,0.71901,2.77215,1.04724,0.000694803,0.000694803,0.000694803
5,357.768,0.8133,1.27043,1.09257,0.85431,0.61017,0.82645,0.62895,0.78651,2.86853,1.08763,0.000871288,0.000871288,0.000871288
6,426.441,0.84161,1.26426,1.11238,0.21021,0.55932,0.23268,0.16533,0.91731,3.16876,1.22029,0.00104688,0.00104688,0.00104688
7,493.373,0.81942,1.12392,1.08934,0.75219,0.32203,0.62529,0.41008,1.13978,3.14836,1.37163,0.00122159,0.00122159,0.00122159
8,557.669,0.76673,0.96597,1.03846,0.95079,0.98241,0.98634,0.8183,0.70422,1.96534,1.03908,0.0013954,0.0013954,0.0013954
9,621.606,0.78001,0.9517,1.07212,0.98644,0.88136,0.97822,0.81107,0.67638,1.72004,0.99049,0.00156832,0.00156832,0.00156832
10,684.711,0.79063,0.90628,1.0594,0.86759,0.42373,0.59244,0.41207,1.24477,3.73002,1.49317,0.00174035,0.00174035,0.00174035
11,745.895,0.86514,0.92128,1.0942,0.38766,0.30508,0.30817,0.25165,1.10026,2.7527,1.33151,0.00191149,0.00191149,0.00191149
12,807.287,0.79371,0.81424,1.06764,0.51264,0.22034,0.26256,0.13708,2.39238,3.14558,2.53222,0.00194555,0.00194555,0.00194555
13,868.814,0.78906,0.80398,1.06348,0.70481,0.0678,0.09416,0.0686,2.28997,3.28934,2.15709,0.0019406,0.0019406,0.0019406
14,930.382,0.81341,0.79077,1.08874,0.30544,0.11864,0.05748,0.04058,2.06497,3.66271,2.03705,0.00193565,0.00193565,0.00193565
15,991.455,0.76703,0.71868,1.03649,0.57051,0.05085,0.07858,0.03401,2.00693,3.21251,2.49046,0.0019307,0.0019307,0.0019307
16,1052.72,0.8138,0.71668,1.06026,0.33755,0.0339,0.04478,0.0155,3.28138,3.54016,4.60228,0.00192575,0.00192575,0.00192575
17,1113.14,0.79423,0.6779,1.06789,0.85113,0.87219,0.9282,0.72566,0.78347,1.14318,1.13369,0.0019208,0.0019208,0.0019208
18,1173.58,0.77054,0.66221,1.0296,0.84758,0.9322,0.94667,0.71149,0.76595,1.10857,1.09484,0.00191585,0.00191585,0.00191585
19,1233.99,0.78415,0.64967,1.06694,0.94081,0.80823,0.90652,0.65334,0.86782,1.84628,1.14287,0.0019109,0.0019109,0.0019109
20,1294.36,0.78142,0.63418,1.05737,0.77231,0.9199,0.85231,0.648,0.77304,1.708,1.07021,0.00190595,0.00190595,0.00190595
21,1354.38,0.73482,0.56551,1.0268,0.96164,0.98305,0.99367,0.82843,0.646,0.67281,0.97288,0.001901,0.001901,0.001901
22,1414.86,0.70978,0.58823,1.01695,0.8858,0.9322,0.95761,0.82873,0.57614,2.07372,0.94406,0.00189605,0.00189605,0.00189605
23,1475.27,0.70407,0.55263,1.00473,0.70745,0.88136,0.84746,0.62879,0.89353,1.21556,1.08929,0.0018911,0.0018911,0.0018911
24,1535.27,0.73528,0.54504,1.01873,0.56672,0.42373,0.43598,0.28574,1.71673,1.94665,1.50045,0.00188615,0.00188615,0.00188615
25,1595.74,0.73304,0.53648,1.02428,0.80937,0.77966,0.80962,0.44346,1.32286,1.44705,1.36959,0.0018812,0.0018812,0.0018812
26,1656.17,0.6959,0.52826,1.00813,0.80561,0.89831,0.92588,0.51149,1.11007,1.14909,1.29408,0.00187625,0.00187625,0.00187625
27,1716.15,0.67661,0.4931,1.00618,0.58816,0.91525,0.805,0.39427,1.34795,1.45056,1.49775,0.0018713,0.0018713,0.0018713
28,1776.48,0.69008,0.49448,1.02269,0.99606,1,0.995,0.89668,0.50865,0.46184,0.88938,0.00186635,0.00186635,0.00186635
29,1836.83,0.66523,0.4774,0.99984,1,0.99765,0.995,0.85873,0.57699,0.45238,0.92789,0.0018614,0.0018614,0.0018614
30,1896.75,0.68184,0.50576,1.00456,0.99718,1,0.995,0.86142,0.57643,0.45438,0.91884,0.00185645,0.00185645,0.00185645
31,1957.34,0.66921,0.48164,0.99598,0.99621,1,0.995,0.8749,0.5295,0.45987,0.88932,0.0018515,0.0018515,0.0018515
32,2017.55,0.66542,0.49237,1.00799,0.97691,1,0.995,0.85728,0.53888,0.81171,0.89249,0.00184655,0.00184655,0.00184655
33,2077.68,0.66697,0.47188,0.99387,0.98333,0.99959,0.9945,0.8718,0.58796,0.51777,0.88653,0.0018416,0.0018416,0.0018416
34,2138.1,0.6491,0.45172,0.99846,0.99617,0.91525,0.97162,0.85981,0.52866,1.86077,0.90246,0.00183665,0.00183665,0.00183665
35,2198.31,0.68023,0.46877,1.02957,0.99261,1,0.995,0.88,0.50986,1.25009,0.8803,0.0018317,0.0018317,0.0018317
36,2258.35,0.61555,0.42917,0.98058,0.97532,1,0.99483,0.8752,0.52901,1.71286,0.88224,0.00182675,0.00182675,0.00182675
37,2318.49,0.723,0.49333,1.0225,0.99519,1,0.995,0.89668,0.49871,0.4336,0.88316,0.0018218,0.0018218,0.0018218
38,2378.58,0.63099,0.4485,0.98703,0.97265,0.94915,0.98301,0.85318,0.58123,0.49679,0.91933,0.00181685,0.00181685,0.00181685
39,2438.44,0.65974,0.4635,1.00432,0.979,1,0.9945,0.86062,0.57466,0.39754,0.92963,0.0018119,0.0018119,0.0018119
40,2498.74,0.60822,0.44088,0.96083,0.99797,1,0.995,0.89191,0.52482,0.36065,0.89385,0.00180695,0.00180695,0.00180695
41,2558.87,0.65141,0.44421,1.01174,0.74008,0.89831,0.95131,0.82694,0.53986,0.91729,0.92464,0.001802,0.001802,0.001802
42,2618.73,0.63678,0.44675,0.985,0.99859,1,0.995,0.89112,0.53154,0.3551,0.91825,0.00179705,0.00179705,0.00179705
43,2678.88,0.66053,0.47825,1.01105,0.99771,1,0.995,0.90616,0.44204,0.31365,0.84751,0.0017921,0.0017921,0.0017921
44,2739.04,0.67744,0.47627,1.04662,0.97619,1,0.995,0.85162,0.59979,0.50584,0.91658,0.00178715,0.00178715,0.00178715
45,2799.01,0.63965,0.42651,0.99017,0.98405,1,0.995,0.87586,0.55514,0.59783,0.90431,0.0017822,0.0017822,0.0017822
46,2859.43,0.6371,0.42269,0.98371,0.97626,1,0.99417,0.88258,0.50242,0.47216,0.8742,0.00177725,0.00177725,0.00177725
47,2919.8,0.60554,0.43526,0.99348,0.99838,1,0.995,0.89893,0.49409,0.34619,0.86917,0.0017723,0.0017723,0.0017723
48,2979.8,0.61692,0.44012,0.98218,0.99869,1,0.995,0.88556,0.51952,0.74427,0.87538,0.00176735,0.00176735,0.00176735
49,3040.2,0.63777,0.42817,0.99924,0.99656,1,0.995,0.90109,0.51282,0.72197,0.88376,0.0017624,0.0017624,0.0017624
50,3100.5,0.62447,0.42052,0.99866,0.99574,1,0.995,0.89085,0.47364,0.39626,0.85574,0.00175745,0.00175745,0.00175745
51,3160.41,0.59435,0.38686,0.9654,0.98285,1,0.995,0.89557,0.48393,0.319,0.85963,0.0017525,0.0017525,0.0017525
52,3220.66,0.66406,0.41666,0.99869,0.99463,1,0.995,0.89119,0.54737,0.46976,0.87401,0.00174755,0.00174755,0.00174755
53,3281.21,0.66446,0.43325,1.00686,0.99673,1,0.995,0.899,0.51069,0.33707,0.88361,0.0017426,0.0017426,0.0017426
54,3341.73,0.63841,0.41802,1.0045,0.9986,1,0.995,0.90158,0.48771,0.3029,0.85979,0.00173765,0.00173765,0.00173765
55,3403.34,0.60467,0.38475,0.96043,0.99898,1,0.995,0.91453,0.45492,0.28361,0.85479,0.0017327,0.0017327,0.0017327
56,3464.69,0.62782,0.38841,0.97958,0.99901,1,0.995,0.90246,0.48594,0.30743,0.87063,0.00172775,0.00172775,0.00172775
57,3525.29,0.6073,0.38726,0.96274,1,0.99994,0.995,0.91765,0.44273,0.29834,0.84488,0.0017228,0.0017228,0.0017228
58,3585.47,0.55586,0.36681,0.94405,1,0.98123,0.99437,0.90325,0.47829,0.33486,0.85671,0.00171785,0.00171785,0.00171785
59,3645.68,0.58791,0.38355,0.95786,0.96474,0.98305,0.99006,0.89096,0.44868,0.32887,0.86063,0.0017129,0.0017129,0.0017129
60,3705.76,0.57162,0.38766,0.97254,0.99,1,0.995,0.91155,0.4603,0.3081,0.84135,0.00170795,0.00170795,0.00170795
61,3765.84,0.6088,0.40701,0.97638,0.99878,1,0.995,0.90946,0.45956,0.29137,0.83859,0.001703,0.001703,0.001703
62,3826.29,0.5522,0.36727,0.94476,0.9986,1,0.995,0.91956,0.44229,0.27451,0.83945,0.00169805,0.00169805,0.00169805
63,3887.27,0.56826,0.35626,0.972,0.98191,1,0.99483,0.91215,0.45157,0.28289,0.8503,0.0016931,0.0016931,0.0016931
64,3947.3,0.61653,0.39865,0.99083,1,0.99948,0.995,0.91942,0.43365,0.28082,0.83853,0.00168815,0.00168815,0.00168815
65,4007.64,0.55539,0.3778,0.95955,0.98333,0.99988,0.99483,0.8777,0.49716,0.33967,0.85981,0.0016832,0.0016832,0.0016832
66,4070.33,0.556,0.38292,0.96701,0.99908,1,0.995,0.90803,0.43675,0.2661,0.85702,0.00167825,0.00167825,0.00167825
67,4134.13,0.60541,0.37619,0.97885,0.99889,1,0.995,0.90488,0.45397,0.25525,0.85231,0.0016733,0.0016733,0.0016733
68,4198.26,0.55888,0.35464,0.94753,0.99777,1,0.995,0.90426,0.44539,0.27006,0.84749,0.00166835,0.00166835,0.00166835
69,4262.59,0.55217,0.37941,0.96194,0.99812,1,0.995,0.91122,0.43889,0.30493,0.84498,0.0016634,0.0016634,0.0016634
70,4327.7,0.55672,0.34982,0.93821,0.99899,1,0.995,0.91006,0.41749,0.25412,0.83446,0.00165845,0.00165845,0.00165845
71,4391.07,0.57214,0.38451,0.94023,0.99887,1,0.995,0.91715,0.4308,0.27794,0.8481,0.0016535,0.0016535,0.0016535
72,4454.83,0.55415,0.36352,0.9514,0.998,1,0.995,0.91205,0.44622,0.27328,0.83514,0.00164855,0.00164855,0.00164855
73,4518.52,0.56321,0.36789,0.95478,0.99988,1,0.995,0.89943,0.46567,0.2949,0.86311,0.0016436,0.0016436,0.0016436
74,4582.21,0.5502,0.36279,0.94521,0.99715,1,0.995,0.9206,0.43257,0.26778,0.83487,0.00163865,0.00163865,0.00163865
75,4645.81,0.55317,0.36157,0.94533,0.99994,1,0.995,0.89392,0.4862,0.30695,0.85628,0.0016337,0.0016337,0.0016337
76,4709.58,0.56556,0.38978,0.97137,0.99892,1,0.995,0.89495,0.4764,0.42322,0.85847,0.00162875,0.00162875,0.00162875
77,4773.06,0.57572,0.39227,0.96435,0.99888,1,0.995,0.91022,0.47242,0.28906,0.8485,0.0016238,0.0016238,0.0016238
78,4837.48,0.54875,0.36715,0.95645,0.99898,1,0.995,0.91408,0.46052,0.28436,0.84102,0.00161885,0.00161885,0.00161885
79,4900.72,0.50949,0.34488,0.93948,0.99905,1,0.995,0.91927,0.44186,0.24875,0.83588,0.0016139,0.0016139,0.0016139
80,4963.68,0.5251,0.33728,0.93204,0.99878,1,0.995,0.90534,0.46161,0.28135,0.84144,0.00160895,0.00160895,0.00160895
81,5027,0.59317,0.40537,0.97521,0.99872,1,0.995,0.91057,0.45507,0.27443,0.85218,0.001604,0.001604,0.001604
82,5090.89,0.55751,0.37071,0.95312,0.99894,1,0.995,0.91522,0.49079,0.28069,0.84984,0.00159905,0.00159905,0.00159905
83,5154.44,0.53645,0.33167,0.95455,0.99903,1,0.995,0.91834,0.4704,0.26739,0.84866,0.0015941,0.0015941,0.0015941
84,5218.32,0.51954,0.3291,0.94428,0.99771,1,0.995,0.92292,0.44559,0.24207,0.84534,0.00158915,0.00158915,0.00158915
85,5282.68,0.49222,0.33464,0.92571,0.99834,1,0.995,0.93041,0.40188,0.23989,0.82675,0.0015842,0.0015842,0.0015842
86,5345.95,0.51562,0.32817,0.94621,0.9949,1,0.995,0.91184,0.44979,0.29265,0.85904,0.00157925,0.00157925,0.00157925
87,5409.45,0.5088,0.3448,0.93826,0.99436,1,0.995,0.90803,0.45416,0.29993,0.8542,0.0015743,0.0015743,0.0015743
88,5472.85,0.52851,0.35973,0.96166,0.99279,1,0.995,0.90773,0.42652,0.33823,0.83054,0.00156935,0.00156935,0.00156935
89,5535.6,0.5086,0.32637,0.92439,0.99782,1,0.995,0.90676,0.4483,0.26899,0.84506,0.0015644,0.0015644,0.0015644
90,5598.91,0.56116,0.3584,0.97438,0.99878,1,0.995,0.90879,0.4635,0.25321,0.86494,0.00155945,0.00155945,0.00155945
91,5662.74,0.5382,0.34398,0.93319,0.99909,1,0.995,0.93524,0.39981,0.22578,0.82428,0.0015545,0.0015545,0.0015545
92,5724.71,0.49563,0.31824,0.93409,0.99901,1,0.995,0.93263,0.41287,0.23211,0.83195,0.00154955,0.00154955,0.00154955
93,5785.59,0.52344,0.32848,0.96581,0.99848,1,0.995,0.92305,0.42958,0.25191,0.85581,0.0015446,0.0015446,0.0015446
94,5846.04,0.53126,0.3313,0.94831,0.99872,1,0.995,0.93274,0.39745,0.24822,0.835,0.00153965,0.00153965,0.00153965
95,5906.3,0.50462,0.31164,0.92005,0.99907,1,0.995,0.92464,0.41594,0.24863,0.83486,0.0015347,0.0015347,0.0015347
96,5966.76,0.55071,0.35148,0.9671,0.99905,1,0.995,0.91544,0.45962,0.24673,0.83746,0.00152975,0.00152975,0.00152975
97,6027.17,0.56198,0.35023,0.97024,0.99906,1,0.995,0.91336,0.45219,0.24648,0.85305,0.0015248,0.0015248,0.0015248
98,6087.83,0.53204,0.34383,0.95433,0.99892,1,0.995,0.917,0.45534,0.24479,0.84598,0.00151985,0.00151985,0.00151985
99,6148,0.53483,0.34837,0.94113,0.99887,1,0.995,0.91455,0.4477,0.25186,0.85498,0.0015149,0.0015149,0.0015149
100,6208.29,0.54274,0.35722,0.94581,0.99774,1,0.995,0.89544,0.45724,0.2591,0.84699,0.00150995,0.00150995,0.00150995
101,6268.61,0.51809,0.33963,0.94079,0.98307,1,0.995,0.90894,0.45784,0.28083,0.83955,0.001505,0.001505,0.001505
102,6328.87,0.50655,0.32523,0.94389,0.99843,1,0.995,0.91612,0.46135,0.26426,0.84834,0.00150005,0.00150005,0.00150005
103,6388.98,0.53043,0.33605,0.97584,0.99924,1,0.995,0.92505,0.45626,0.25471,0.84956,0.0014951,0.0014951,0.0014951
104,6449.04,0.51457,0.35024,0.94103,1,0.99936,0.995,0.90525,0.51488,0.2791,0.87635,0.00149015,0.00149015,0.00149015
105,6509.12,0.52566,0.34218,0.94204,1,0.9988,0.995,0.91405,0.49609,0.27126,0.87192,0.0014852,0.0014852,0.0014852
106,6569.23,0.55058,0.35202,0.96434,0.99903,1,0.995,0.9282,0.43432,0.2572,0.83372,0.00148025,0.00148025,0.00148025
107,6629.5,0.54187,0.33694,0.9424,0.99904,1,0.995,0.89438,0.49096,0.28672,0.84893,0.0014753,0.0014753,0.0014753
108,6689.58,0.51384,0.33062,0.92704,0.99901,1,0.995,0.93489,0.40461,0.22636,0.82534,0.00147035,0.00147035,0.00147035
109,6749.77,0.49211,0.31543,0.94165,0.9991,1,0.995,0.92977,0.43113,0.24861,0.83643,0.0014654,0.0014654,0.0014654
110,6809.92,0.53536,0.35026,0.96169,0.99944,1,0.995,0.91924,0.4646,0.24379,0.84984,0.00146045,0.00146045,0.00146045
111,6869.97,0.55326,0.3523,0.95779,0.99899,1,0.995,0.92031,0.43729,0.24398,0.83485,0.0014555,0.0014555,0.0014555
112,6930.14,0.52391,0.31909,0.94357,0.99898,1,0.995,0.95228,0.39132,0.21626,0.82464,0.00145055,0.00145055,0.00145055
113,6990.41,0.57921,0.35212,0.9595,0.99907,1,0.995,0.91013,0.45001,0.23687,0.83877,0.0014456,0.0014456,0.0014456
114,7050.64,0.54995,0.35233,0.98356,0.99902,1,0.995,0.91457,0.45529,0.24678,0.85432,0.00144065,0.00144065,0.00144065
115,7110.62,0.5417,0.34654,0.98235,0.99908,1,0.995,0.9181,0.43702,0.24258,0.83583,0.0014357,0.0014357,0.0014357
116,7170.65,0.50426,0.32946,0.93871,0.99906,1,0.995,0.90448,0.44867,0.26502,0.84368,0.00143075,0.00143075,0.00143075
117,7231.05,0.49703,0.31131,0.94702,0.99867,1,0.995,0.91213,0.46501,0.25438,0.85173,0.0014258,0.0014258,0.0014258
118,7291.18,0.50268,0.3201,0.92862,0.96619,1,0.995,0.91108,0.45971,0.39012,0.84016,0.00142085,0.00142085,0.00142085
119,7351.09,0.52734,0.33275,0.94704,0.99277,1,0.995,0.91809,0.42323,0.28618,0.83733,0.0014159,0.0014159,0.0014159
120,7411.14,0.50079,0.31526,0.93112,0.99603,1,0.995,0.91881,0.43423,0.3328,0.84672,0.00141095,0.00141095,0.00141095
121,7471.65,0.48954,0.32044,0.93221,0.99898,1,0.995,0.91387,0.42527,0.23857,0.837,0.001406,0.001406,0.001406
122,7531.84,0.50142,0.30028,0.93081,0.99907,1,0.995,0.92442,0.39899,0.23143,0.83171,0.00140105,0.00140105,0.00140105
123,7593.18,0.5042,0.3107,0.93338,0.99907,1,0.995,0.93456,0.40415,0.21946,0.82376,0.0013961,0.0013961,0.0013961
124,7653.28,0.47738,0.31292,0.927,0.99905,1,0.995,0.92704,0.4082,0.22389,0.82274,0.00139115,0.00139115,0.00139115
125,7713.48,0.50491,0.31845,0.94441,0.99908,1,0.995,0.91461,0.44424,0.23695,0.84645,0.0013862,0.0013862,0.0013862
126,7773.59,0.4561,0.31122,0.91563,0.99794,1,0.995,0.94024,0.38026,0.22688,0.81089,0.00138125,0.00138125,0.00138125
127,7833.83,0.49036,0.32074,0.94025,0.99872,1,0.995,0.9367,0.37806,0.23009,0.80732,0.0013763,0.0013763,0.0013763
128,7894.16,0.53018,0.32966,0.95351,0.99743,1,0.995,0.92265,0.42389,0.24563,0.83639,0.00137135,0.00137135,0.00137135
129,7954.3,0.47323,0.30274,0.92511,0.99876,1,0.995,0.92986,0.38736,0.2271,0.82248,0.0013664,0.0013664,0.0013664
130,8014.36,0.47707,0.3278,0.92677,0.99874,1,0.995,0.91787,0.43395,0.24481,0.8343,0.00136145,0.00136145,0.00136145
131,8074.55,0.48512,0.30915,0.90563,0.99769,1,0.995,0.92526,0.42622,0.23912,0.83687,0.0013565,0.0013565,0.0013565
132,8134.51,0.49915,0.33659,0.94338,0.99741,1,0.995,0.9023,0.4304,0.23548,0.84323,0.00135155,0.00135155,0.00135155
133,8194.54,0.46973,0.29798,0.92499,0.99901,1,0.995,0.90698,0.44169,0.26567,0.83731,0.0013466,0.0013466,0.0013466
134,8254.61,0.47927,0.29794,0.93619,0.99898,1,0.995,0.91057,0.42286,0.2564,0.83224,0.00134165,0.00134165,0.00134165
135,8314.71,0.49493,0.31066,0.9334,0.99815,1,0.995,0.93066,0.38227,0.23024,0.81901,0.0013367,0.0013367,0.0013367
136,8374.92,0.51104,0.31251,0.94411,0.99896,1,0.995,0.92879,0.40411,0.22127,0.81873,0.00133175,0.00133175,0.00133175
137,8435.08,0.47388,0.29253,0.92642,0.99908,1,0.995,0.92776,0.42703,0.22909,0.84183,0.0013268,0.0013268,0.0013268
138,8495.16,0.47685,0.29887,0.93507,0.99904,1,0.995,0.92253,0.41127,0.24073,0.81747,0.00132185,0.00132185,0.00132185
139,8555.45,0.4885,0.30034,0.93863,0.99904,1,0.995,0.91743,0.42279,0.22579,0.82784,0.0013169,0.0013169,0.0013169
140,8615.5,0.47006,0.29866,0.91792,0.99909,1,0.995,0.93157,0.39594,0.21,0.81394,0.00131195,0.00131195,0.00131195
141,8675.5,0.48169,0.29263,0.93229,0.99904,1,0.995,0.92763,0.41084,0.22515,0.83384,0.001307,0.001307,0.001307
142,8735.58,0.49362,0.29482,0.94381,0.99905,1,0.995,0.92466,0.39756,0.20962,0.81506,0.00130205,0.00130205,0.00130205
143,8795.93,0.4619,0.29552,0.94202,0.99908,1,0.995,0.94196,0.39142,0.21044,0.82349,0.0012971,0.0012971,0.0012971
144,8856.04,0.48726,0.29418,0.9395,0.99896,1,0.995,0.9379,0.41078,0.21245,0.82086,0.00129215,0.00129215,0.00129215
145,8915.86,0.49005,0.3049,0.94504,0.999,1,0.995,0.94226,0.39857,0.21632,0.82264,0.0012872,0.0012872,0.0012872
146,8975.85,0.47262,0.29299,0.90609,0.99902,1,0.995,0.94368,0.38853,0.213,0.81646,0.00128225,0.00128225,0.00128225
147,9035.95,0.45613,0.2998,0.91555,0.9991,1,0.995,0.93539,0.3851,0.21009,0.82425,0.0012773,0.0012773,0.0012773
148,9096.03,0.48477,0.29668,0.94239,0.99907,1,0.995,0.93131,0.3997,0.22089,0.81969,0.00127235,0.00127235,0.00127235
149,9155.91,0.47646,0.30437,0.91139,0.99904,1,0.995,0.86501,0.58275,0.28954,0.95313,0.0012674,0.0012674,0.0012674
150,9215.96,0.51328,0.32029,0.95729,0.99882,1,0.995,0.92381,0.44558,0.23271,0.83138,0.00126245,0.00126245,0.00126245
151,9276.07,0.46456,0.28836,0.92139,0.99902,1,0.995,0.92755,0.444,0.22594,0.82911,0.0012575,0.0012575,0.0012575
152,9336.1,0.46189,0.29743,0.92706,1,0.99968,0.995,0.93048,0.41364,0.22186,0.82816,0.00125255,0.00125255,0.00125255
153,9396.1,0.43919,0.28114,0.92645,0.99917,1,0.995,0.93059,0.37877,0.21846,0.80719,0.0012476,0.0012476,0.0012476
154,9456.23,0.43369,0.27948,0.91195,0.99896,1,0.995,0.93682,0.40026,0.21687,0.82416,0.00124265,0.00124265,0.00124265
155,9516.33,0.45583,0.29099,0.92449,0.99897,1,0.995,0.94797,0.37545,0.19589,0.80557,0.0012377,0.0012377,0.0012377
156,9576.5,0.47012,0.28972,0.928,0.99906,1,0.995,0.92765,0.40124,0.20169,0.81686,0.00123275,0.00123275,0.00123275
157,9636.4,0.46375,0.29163,0.93093,0.99909,1,0.995,0.92661,0.41281,0.20927,0.82847,0.0012278,0.0012278,0.0012278
158,9696.71,0.4955,0.30552,0.94673,0.99907,1,0.995,0.94606,0.378,0.2047,0.82853,0.00122285,0.00122285,0.00122285
159,9756.59,0.48187,0.28796,0.94341,0.99917,1,0.995,0.94161,0.40819,0.21111,0.84744,0.0012179,0.0012179,0.0012179
160,9816.55,0.48441,0.29828,0.95515,0.99907,1,0.995,0.92446,0.42513,0.22093,0.84556,0.00121295,0.00121295,0.00121295
161,9876.54,0.46584,0.29705,0.90607,0.99904,1,0.995,0.93133,0.42328,0.21426,0.82904,0.001208,0.001208,0.001208
162,9936.69,0.5005,0.31713,0.93985,0.99853,1,0.995,0.94019,0.38086,0.21092,0.81392,0.00120305,0.00120305,0.00120305
163,9996.83,0.47415,0.30218,0.93778,0.99867,1,0.995,0.9244,0.41539,0.22593,0.84252,0.0011981,0.0011981,0.0011981
164,10056.8,0.45439,0.28556,0.91357,0.99877,1,0.995,0.9274,0.42058,0.24456,0.84671,0.00119315,0.00119315,0.00119315
165,10116.7,0.45881,0.28601,0.9181,0.99748,1,0.995,0.91947,0.41687,0.23465,0.82514,0.0011882,0.0011882,0.0011882
166,10176.9,0.46042,0.29236,0.91959,0.99907,1,0.995,0.92668,0.4154,0.21814,0.82102,0.00118325,0.00118325,0.00118325
167,10237.1,0.47905,0.30394,0.92212,0.99905,1,0.995,0.94494,0.38979,0.21895,0.82838,0.0011783,0.0011783,0.0011783
168,10297.1,0.45506,0.29214,0.91829,0.99912,1,0.995,0.93871,0.39726,0.21775,0.81793,0.00117335,0.00117335,0.00117335
169,10357,0.44279,0.27523,0.92459,0.99911,1,0.995,0.93828,0.40205,0.20617,0.8184,0.0011684,0.0011684,0.0011684
170,10417.2,0.44311,0.28324,0.91604,0.99906,1,0.995,0.93763,0.38698,0.20628,0.82318,0.00116345,0.00116345,0.00116345
171,10477.4,0.43689,0.27956,0.90989,0.99904,1,0.995,0.9194,0.42981,0.21265,0.84166,0.0011585,0.0011585,0.0011585
172,10537.5,0.47557,0.29882,0.92862,0.99905,1,0.995,0.92024,0.43402,0.21186,0.8359,0.00115355,0.00115355,0.00115355
173,10597.7,0.48029,0.35994,0.93009,0.99904,1,0.995,0.93208,0.39377,0.20978,0.82745,0.0011486,0.0011486,0.0011486
174,10657.7,0.44136,0.28044,0.91759,0.99908,1,0.995,0.93814,0.39564,0.20449,0.81592,0.00114365,0.00114365,0.00114365
175,10717.8,0.43188,0.28002,0.91359,0.99909,1,0.995,0.9285,0.41433,0.21755,0.81984,0.0011387,0.0011387,0.0011387
176,10778,0.44386,0.29351,0.90907,0.99911,1,0.995,0.94757,0.38169,0.20543,0.81617,0.00113375,0.00113375,0.00113375
177,10838.1,0.46727,0.28204,0.91884,0.99908,1,0.995,0.94125,0.37763,0.20212,0.81138,0.0011288,0.0011288,0.0011288
178,10898.1,0.4561,0.2961,0.93162,0.99887,1,0.995,0.94028,0.38163,0.20019,0.80752,0.00112385,0.00112385,0.00112385
179,10958.4,0.41701,0.26427,0.90869,0.99875,1,0.995,0.93001,0.38206,0.20173,0.80419,0.0011189,0.0011189,0.0011189
180,11018.4,0.47147,0.29465,0.93435,0.99906,1,0.995,0.94332,0.36595,0.19556,0.80394,0.00111395,0.00111395,0.00111395
181,11078.6,0.43629,0.2821,0.91754,0.99894,1,0.995,0.95207,0.38572,0.20892,0.812,0.001109,0.001109,0.001109
182,11138.5,0.44529,0.28138,0.92414,0.99898,1,0.995,0.9305,0.4067,0.20508,0.82356,0.00110405,0.00110405,0.00110405
183,11198.6,0.50617,0.305,0.95148,0.9989,1,0.995,0.93177,0.42104,0.21263,0.82516,0.0010991,0.0010991,0.0010991
184,11258.6,0.46668,0.30288,0.90851,0.99771,1,0.995,0.94045,0.40416,0.22859,0.81932,0.00109415,0.00109415,0.00109415
185,11318.5,0.42856,0.28457,0.91102,0.99908,1,0.995,0.94174,0.39192,0.21091,0.81606,0.0010892,0.0010892,0.0010892
186,11378.6,0.46453,0.28724,0.93884,0.99908,1,0.995,0.94747,0.40982,0.21297,0.82438,0.00108425,0.00108425,0.00108425
187,11438.6,0.45441,0.29014,0.93602,0.99912,1,0.995,0.93804,0.41786,0.23354,0.82869,0.0010793,0.0010793,0.0010793
188,11498.7,0.44591,0.28751,0.90922,1,0.99667,0.995,0.92849,0.43868,0.23,0.85132,0.00107435,0.00107435,0.00107435
189,11558.8,0.43741,0.28441,0.92327,0.99906,1,0.995,0.94261,0.40732,0.21745,0.82853,0.0010694,0.0010694,0.0010694
190,11618.8,0.4825,0.31966,0.93345,0.99916,1,0.995,0.93451,0.39961,0.20827,0.82505,0.00106445,0.00106445,0.00106445
191,11678.8,0.4386,0.28035,0.91403,0.99708,1,0.995,0.94203,0.36628,0.20044,0.80521,0.0010595,0.0010595,0.0010595
192,11738.8,0.43906,0.28321,0.9123,0.99825,1,0.995,0.92909,0.39809,0.20519,0.82697,0.00105455,0.00105455,0.00105455
193,11798.8,0.43198,0.29294,0.91289,0.99913,1,0.995,0.92988,0.39911,0.20066,0.81428,0.0010496,0.0010496,0.0010496
194,11859,0.41122,0.25495,0.89299,0.99912,1,0.995,0.94721,0.38416,0.1983,0.81624,0.00104465,0.00104465,0.00104465
195,11919,0.44534,0.28676,0.91645,0.99907,1,0.995,0.94994,0.38308,0.19023,0.80959,0.0010397,0.0010397,0.0010397
196,11979.2,0.41559,0.2697,0.91369,0.99906,1,0.995,0.9508,0.38002,0.19763,0.80328,0.00103475,0.00103475,0.00103475
197,12039.3,0.42135,0.2705,0.89905,0.99906,1,0.995,0.95948,0.36563,0.19633,0.80366,0.0010298,0.0010298,0.0010298
198,12099.4,0.43535,0.29401,0.91048,0.99909,1,0.995,0.94826,0.38554,0.19768,0.8127,0.00102485,0.00102485,0.00102485
199,12159.4,0.4552,0.27454,0.92536,0.9991,1,0.995,0.94992,0.38134,0.19569,0.80469,0.0010199,0.0010199,0.0010199
200,12219.6,0.41774,0.26538,0.9069,0.9991,1,0.995,0.94691,0.37831,0.19319,0.80497,0.00101495,0.00101495,0.00101495
201,12279.8,0.42162,0.26814,0.89386,0.99909,1,0.995,0.94773,0.36842,0.19337,0.80587,0.00101,0.00101,0.00101
202,12339.7,0.42777,0.26761,0.93265,0.99859,1,0.995,0.94366,0.38754,0.19545,0.80781,0.00100505,0.00100505,0.00100505
203,12399.8,0.41144,0.27031,0.90723,0.99904,1,0.995,0.95281,0.37847,0.18489,0.81191,0.0010001,0.0010001,0.0010001
204,12460.1,0.40315,0.28022,0.90306,0.99907,1,0.995,0.94293,0.38737,0.19182,0.80923,0.00099515,0.00099515,0.00099515
205,12520.1,0.40304,0.25626,0.888,0.9991,1,0.995,0.93333,0.39774,0.19454,0.82176,0.0009902,0.0009902,0.0009902
206,12580.1,0.39565,0.26197,0.89125,0.99908,1,0.995,0.93712,0.39875,0.19503,0.8201,0.00098525,0.00098525,0.00098525
207,12640.1,0.40067,0.25762,0.91417,0.99911,1,0.995,0.94964,0.38311,0.18451,0.81467,0.0009803,0.0009803,0.0009803
208,12700.1,0.41545,0.27037,0.90796,0.99917,1,0.995,0.9379,0.41088,0.19578,0.82643,0.00097535,0.00097535,0.00097535
209,12760.1,0.39746,0.25014,0.89643,0.99927,1,0.995,0.95672,0.37459,0.1877,0.80692,0.0009704,0.0009704,0.0009704
210,12820.2,0.43125,0.27032,0.91917,0.99909,1,0.995,0.94693,0.39097,0.19341,0.81446,0.00096545,0.00096545,0.00096545
211,12880.3,0.41401,0.26129,0.89465,1,1,0.995,0.94741,0.37604,0.19051,0.80416,0.0009605,0.0009605,0.0009605
212,12940.6,0.40094,0.25849,0.90837,0.99911,1,0.995,0.95512,0.38087,0.19291,0.81178,0.00095555,0.00095555,0.00095555
213,13000.6,0.36195,0.23966,0.8873,0.9991,1,0.995,0.95276,0.37689,0.19138,0.8074,0.0009506,0.0009506,0.0009506
214,13060.7,0.40796,0.26138,0.91008,0.99905,1,0.995,0.94091,0.39047,0.21158,0.80711,0.00094565,0.00094565,0.00094565
215,13120.7,0.40342,0.26215,0.89521,0.99907,1,0.995,0.93719,0.36891,0.18861,0.80681,0.0009407,0.0009407,0.0009407
216,13181.2,0.39132,0.25572,0.89559,0.9991,1,0.995,0.95166,0.36718,0.19093,0.80896,0.00093575,0.00093575,0.00093575
217,13241.6,0.3875,0.25594,0.90092,0.9991,1,0.995,0.9417,0.39156,0.19166,0.8145,0.0009308,0.0009308,0.0009308
218,13301.7,0.39451,0.25024,0.90291,0.99908,1,0.995,0.94511,0.37232,0.1891,0.80624,0.00092585,0.00092585,0.00092585
219,13362.2,0.38232,0.24312,0.88837,0.99222,1,0.995,0.94238,0.38582,0.19352,0.81656,0.0009209,0.0009209,0.0009209
220,13422.6,0.40364,0.25662,0.89943,0.98333,1,0.995,0.93274,0.40068,0.2097,0.81299,0.00091595,0.00091595,0.00091595
221,13482.9,0.41649,0.27016,0.91794,0.99407,1,0.995,0.95882,0.38811,0.20039,0.81595,0.000911,0.000911,0.000911
222,13543.2,0.37813,0.24233,0.89848,0.9991,1,0.995,0.93868,0.391,0.19122,0.81266,0.00090605,0.00090605,0.00090605
223,13603.4,0.40366,0.25902,0.89884,0.99909,1,0.995,0.94484,0.37123,0.18533,0.80807,0.0009011,0.0009011,0.0009011
224,13663.5,0.38639,0.25943,0.91253,0.99909,1,0.995,0.94852,0.3893,0.19801,0.80751,0.00089615,0.00089615,0.00089615
225,13723.6,0.40332,0.25178,0.89358,0.99909,1,0.995,0.94942,0.38205,0.19708,0.80448,0.0008912,0.0008912,0.0008912
226,13783.7,0.40828,0.25603,0.91516,0.99911,1,0.995,0.94097,0.3886,0.19779,0.8101,0.00088625,0.00088625,0.00088625
227,13843.8,0.42193,0.25978,0.91019,1,1,0.995,0.93939,0.38493,0.18299,0.81067,0.0008813,0.0008813,0.0008813
228,13904,0.41015,0.25762,0.89981,0.99908,1,0.995,0.93156,0.403,0.18895,0.81426,0.00087635,0.00087635,0.00087635
229,13964,0.40484,0.2538,0.90502,0.99908,1,0.995,0.93516,0.39672,0.18901,0.81282,0.0008714,0.0008714,0.0008714
230,14024,0.42749,0.26292,0.90839,0.99907,1,0.995,0.93973,0.38916,0.18884,0.80906,0.00086645,0.00086645,0.00086645
231,14083.8,0.42472,0.26576,0.91229,0.99908,1,0.995,0.93493,0.37924,0.18572,0.80644,0.0008615,0.0008615,0.0008615
232,14144,0.39299,0.24663,0.89716,0.99907,1,0.995,0.94829,0.3612,0.18679,0.80324,0.00085655,0.00085655,0.00085655
233,14204.1,0.38972,0.24709,0.89335,0.99909,1,0.995,0.94635,0.36735,0.19214,0.80863,0.0008516,0.0008516,0.0008516
234,14264.5,0.3871,0.24774,0.89933,0.99911,1,0.995,0.94126,0.37981,0.18804,0.80925,0.00084665,0.00084665,0.00084665
235,14324.4,0.38745,0.24391,0.89569,0.9991,1,0.995,0.94689,0.38285,0.1866,0.81122,0.0008417,0.0008417,0.0008417
236,14384.6,0.44018,0.27512,0.92415,0.99909,1,0.995,0.93074,0.40187,0.19407,0.81425,0.00083675,0.00083675,0.00083675
237,14444.7,0.40694,0.26319,0.9096,0.99908,1,0.995,0.94024,0.3887,0.18017,0.8075,0.0008318,0.0008318,0.0008318
238,14504.8,0.38075,0.22978,0.88551,0.99908,1,0.995,0.93911,0.38451,0.17996,0.80771,0.00082685,0.00082685,0.00082685
239,14564.9,0.37482,0.23397,0.90898,0.99907,1,0.995,0.9403,0.39161,0.18468,0.80956,0.0008219,0.0008219,0.0008219
240,14625,0.42013,0.2578,0.91345,0.99908,1,0.995,0.93473,0.40997,0.18926,0.82335,0.00081695,0.00081695,0.00081695
241,14685.3,0.36999,0.25112,0.89562,0.99908,1,0.995,0.94351,0.3961,0.18566,0.81807,0.000812,0.000812,0.000812
242,14745.5,0.38673,0.25774,0.9068,0.99909,1,0.995,0.94555,0.39865,0.20127,0.82205,0.00080705,0.00080705,0.00080705
243,14805.4,0.39368,0.24588,0.90492,0.99907,1,0.995,0.93997,0.40361,0.19577,0.81819,0.0008021,0.0008021,0.0008021
244,14865.5,0.39181,0.24915,0.88148,0.99907,1,0.995,0.93736,0.38992,0.19157,0.81295,0.00079715,0.00079715,0.00079715
245,14925.7,0.39466,0.2397,0.89418,0.99908,1,0.995,0.93012,0.39414,0.19779,0.81438,0.0007922,0.0007922,0.0007922
246,14985.9,0.38125,0.23429,0.89171,0.99909,1,0.995,0.94383,0.37207,0.18594,0.80389,0.00078725,0.00078725,0.00078725
247,15045.9,0.3948,0.26186,0.88377,0.99906,1,0.995,0.93472,0.3812,0.1833,0.8094,0.0007823,0.0007823,0.0007823
248,15105.9,0.35924,0.23095,0.87817,0.99909,1,0.995,0.93666,0.3988,0.18462,0.81961,0.00077735,0.00077735,0.00077735
249,15166.3,0.359,0.23987,0.87522,0.99883,1,0.995,0.93662,0.38841,0.17944,0.81702,0.0007724,0.0007724,0.0007724
250,15226.4,0.41594,0.25797,0.90696,0.99905,1,0.995,0.94675,0.39136,0.18247,0.81456,0.00076745,0.00076745,0.00076745
251,15286.4,0.38643,0.25191,0.90312,0.9991,1,0.995,0.93939,0.4067,0.19605,0.81906,0.0007625,0.0007625,0.0007625
252,15346.4,0.39947,0.24031,0.9206,0.99909,1,0.995,0.9417,0.38364,0.18604,0.81347,0.00075755,0.00075755,0.00075755
253,15406.4,0.36499,0.24144,0.89402,0.99908,1,0.995,0.94618,0.38474,0.19087,0.8184,0.0007526,0.0007526,0.0007526
254,15466.5,0.37225,0.24621,0.89413,0.99909,1,0.995,0.95184,0.36095,0.18052,0.802,0.00074765,0.00074765,0.00074765
255,15526.5,0.34716,0.23803,0.88769,0.99909,1,0.995,0.95079,0.36485,0.17693,0.79909,0.0007427,0.0007427,0.0007427
256,15586.8,0.38338,0.24217,0.88611,0.99908,1,0.995,0.95458,0.36855,0.17474,0.805,0.00073775,0.00073775,0.00073775
257,15647,0.39578,0.24921,0.90921,0.99906,1,0.995,0.94077,0.37548,0.18003,0.80731,0.0007328,0.0007328,0.0007328
258,15707.2,0.38929,0.24632,0.91203,0.99906,1,0.995,0.93168,0.39429,0.19475,0.81808,0.00072785,0.00072785,0.00072785
259,15767.2,0.34125,0.22166,0.88211,0.99909,1,0.995,0.9349,0.37956,0.1873,0.80683,0.0007229,0.0007229,0.0007229
260,15827.4,0.3975,0.25194,0.92146,0.9991,1,0.995,0.92897,0.39206,0.19264,0.82187,0.00071795,0.00071795,0.00071795
261,15887.4,0.36999,0.22821,0.89132,0.9991,1,0.995,0.94273,0.37014,0.17306,0.81991,0.000713,0.000713,0.000713
262,15947.5,0.36775,0.23568,0.89995,0.9991,1,0.995,0.94287,0.39394,0.189,0.8378,0.00070805,0.00070805,0.00070805
263,16007.4,0.36701,0.24017,0.89415,1,1,0.995,0.96024,0.36443,0.18401,0.80634,0.0007031,0.0007031,0.0007031
264,16067.6,0.33485,0.22364,0.86584,1,0.99518,0.995,0.93749,0.38227,0.18953,0.80866,0.00069815,0.00069815,0.00069815
265,16127.7,0.36027,0.2305,0.8782,0.99914,1,0.995,0.93889,0.38233,0.18165,0.80729,0.0006932,0.0006932,0.0006932
266,16187.8,0.36431,0.23592,0.89608,0.9991,1,0.995,0.94525,0.3764,0.17687,0.81188,0.00068825,0.00068825,0.00068825
267,16247.8,0.40544,0.25223,0.91182,0.99908,1,0.995,0.96078,0.38163,0.19073,0.81739,0.0006833,0.0006833,0.0006833
268,16307.7,0.35303,0.23309,0.87255,0.99908,1,0.995,0.96446,0.37604,0.18485,0.81321,0.00067835,0.00067835,0.00067835
269,16367.8,0.37269,0.23045,0.88583,0.99909,1,0.995,0.95899,0.36986,0.18686,0.81438,0.0006734,0.0006734,0.0006734
270,16427.9,0.38505,0.2477,0.90817,0.99911,1,0.995,0.95764,0.38715,0.1843,0.81595,0.00066845,0.00066845,0.00066845
271,16487.8,0.35185,0.22036,0.8932,0.99911,1,0.995,0.95495,0.39504,0.18571,0.82416,0.0006635,0.0006635,0.0006635
272,16547.7,0.38882,0.23993,0.9054,0.99912,1,0.995,0.95897,0.38298,0.18578,0.81821,0.00065855,0.00065855,0.00065855
273,16607.8,0.3783,0.23436,0.89435,0.99904,1,0.995,0.93849,0.37126,0.17727,0.80902,0.0006536,0.0006536,0.0006536
274,16668,0.37864,0.23276,0.90913,0.99909,1,0.995,0.94355,0.37575,0.17217,0.80572,0.00064865,0.00064865,0.00064865
275,16727.9,0.33727,0.2183,0.87221,0.99911,1,0.995,0.95285,0.36437,0.1708,0.79916,0.0006437,0.0006437,0.0006437
276,16787.9,0.36377,0.22423,0.8859,0.99921,1,0.995,0.94874,0.36526,0.172,0.79968,0.00063875,0.00063875,0.00063875
277,16848,0.32689,0.21474,0.87254,0.99916,1,0.995,0.95462,0.36477,0.16858,0.79887,0.0006338,0.0006338,0.0006338
278,16908,0.33531,0.21258,0.87314,1,1,0.995,0.94944,0.38359,0.17782,0.80189,0.00062885,0.00062885,0.00062885
279,16968.3,0.34651,0.22811,0.87679,1,1,0.995,0.94703,0.37,0.17202,0.80137,0.0006239,0.0006239,0.0006239
280,17028.2,0.34155,0.24459,0.88919,1,1,0.995,0.94229,0.36884,0.1736,0.80747,0.00061895,0.00061895,0.00061895
281,17088.4,0.36166,0.22383,0.88221,1,1,0.995,0.94405,0.37775,0.17176,0.81426,0.000614,0.000614,0.000614
282,17148.6,0.34708,0.21863,0.87944,0.9991,1,0.995,0.95039,0.37388,0.16992,0.81273,0.00060905,0.00060905,0.00060905
283,17208.5,0.36117,0.24158,0.89061,0.9991,1,0.995,0.94441,0.38253,0.17485,0.81368,0.0006041,0.0006041,0.0006041
284,17268.7,0.35269,0.2207,0.88791,0.99909,1,0.995,0.94503,0.37264,0.17835,0.81308,0.00059915,0.00059915,0.00059915
285,17328.7,0.3589,0.22938,0.8983,0.9991,1,0.995,0.9398,0.3866,0.18584,0.81251,0.0005942,0.0005942,0.0005942
286,17388.8,0.33444,0.2209,0.88087,0.9991,1,0.995,0.9418,0.37908,0.17354,0.81125,0.00058925,0.00058925,0.00058925
287,17448.8,0.32863,0.22007,0.87727,0.99911,1,0.995,0.95409,0.3599,0.17017,0.80693,0.0005843,0.0005843,0.0005843
288,17508.8,0.37119,0.23008,0.9051,0.99911,1,0.995,0.94705,0.37983,0.17467,0.8126,0.00057935,0.00057935,0.00057935
289,17568.9,0.35114,0.23072,0.88429,1,1,0.995,0.95561,0.36362,0.17143,0.80367,0.0005744,0.0005744,0.0005744
290,17629.1,0.34701,0.22092,0.88064,0.9991,1,0.995,0.94278,0.37622,0.17639,0.80645,0.00056945,0.00056945,0.00056945
291,17689.1,0.36274,0.23639,0.88065,0.9991,1,0.995,0.95231,0.37272,0.17954,0.81396,0.0005645,0.0005645,0.0005645
292,17749.1,0.33716,0.21954,0.87646,0.99911,1,0.995,0.95226,0.3771,0.18248,0.81825,0.00055955,0.00055955,0.00055955
293,17809.1,0.32333,0.21601,0.87171,0.9991,1,0.995,0.94988,0.39075,0.18037,0.8262,0.0005546,0.0005546,0.0005546
294,17869.5,0.34444,0.23906,0.89241,0.99909,1,0.995,0.94572,0.39737,0.18676,0.82634,0.00054965,0.00054965,0.00054965
295,17929.6,0.35368,0.22529,0.88127,1,1,0.995,0.94521,0.39716,0.18266,0.83119,0.0005447,0.0005447,0.0005447
296,17989.5,0.35058,0.22298,0.89538,0.9991,1,0.995,0.94341,0.3883,0.18499,0.82084,0.00053975,0.00053975,0.00053975
297,18049.6,0.33964,0.22214,0.87513,0.99911,1,0.995,0.95165,0.38009,0.17532,0.8135,0.0005348,0.0005348,0.0005348
298,18109.7,0.32708,0.20834,0.88155,1,1,0.995,0.95893,0.36944,0.17172,0.80326,0.00052985,0.00052985,0.00052985
299,18169.7,0.31195,0.20216,0.87973,0.99911,1,0.995,0.94452,0.37521,0.18093,0.80345,0.0005249,0.0005249,0.0005249
300,18229.6,0.32079,0.20407,0.8811,0.9991,1,0.995,0.9468,0.37928,0.18177,0.8091,0.00051995,0.00051995,0.00051995
301,18290,0.33516,0.21937,0.8722,0.99911,1,0.995,0.95627,0.36861,0.17643,0.80698,0.000515,0.000515,0.000515
302,18350.2,0.33096,0.21175,0.86742,0.9991,1,0.995,0.94734,0.36651,0.17806,0.80493,0.00051005,0.00051005,0.00051005
303,18410.3,0.3398,0.21947,0.88291,0.99911,1,0.995,0.9447,0.37261,0.17851,0.80761,0.0005051,0.0005051,0.0005051
304,18470.4,0.32205,0.20902,0.86619,1,1,0.995,0.94736,0.3749,0.1784,0.80609,0.00050015,0.00050015,0.00050015
305,18530.3,0.31988,0.20514,0.87074,1,1,0.995,0.95154,0.38307,0.1822,0.81819,0.0004952,0.0004952,0.0004952
306,18590.3,0.35741,0.23389,0.89783,1,1,0.995,0.94392,0.38877,0.18337,0.80789,0.00049025,0.00049025,0.00049025
307,18650.5,0.31382,0.21003,0.88377,0.99913,1,0.995,0.94704,0.37469,0.18092,0.80427,0.0004853,0.0004853,0.0004853
308,18710.5,0.33612,0.2173,0.87703,0.99911,1,0.995,0.94461,0.36475,0.17133,0.80019,0.00048035,0.00048035,0.00048035
309,18770.6,0.34133,0.2154,0.87302,0.99911,1,0.995,0.95455,0.35836,0.16743,0.80087,0.0004754,0.0004754,0.0004754
310,18830.7,0.33372,0.22534,0.86577,0.99912,1,0.995,0.95227,0.36673,0.17174,0.80901,0.00047045,0.00047045,0.00047045
311,18890.8,0.37786,0.22587,0.9196,0.99912,1,0.995,0.95066,0.36496,0.17395,0.80393,0.0004655,0.0004655,0.0004655
312,18950.7,0.3087,0.20957,0.85738,0.99911,1,0.995,0.95313,0.35931,0.17109,0.79994,0.00046055,0.00046055,0.00046055
313,19010.7,0.34887,0.22222,0.9006,0.99912,1,0.995,0.94925,0.36417,0.16521,0.80488,0.0004556,0.0004556,0.0004556
314,19070.9,0.32586,0.21837,0.87972,1,1,0.995,0.94921,0.36271,0.17182,0.80342,0.00045065,0.00045065,0.00045065
315,19130.9,0.34808,0.22277,0.89836,0.99912,1,0.995,0.94764,0.36295,0.169,0.80372,0.0004457,0.0004457,0.0004457
316,19191,0.36254,0.21964,0.91381,0.99913,1,0.995,0.94581,0.37044,0.17589,0.80675,0.00044075,0.00044075,0.00044075
317,19251,0.33266,0.21859,0.89855,1,1,0.995,0.94918,0.37186,0.17791,0.80976,0.0004358,0.0004358,0.0004358
318,19311.1,0.28629,0.20239,0.86274,1,1,0.995,0.94133,0.36912,0.16942,0.80809,0.00043085,0.00043085,0.00043085
319,19371.4,0.32946,0.2197,0.88678,1,1,0.995,0.94306,0.36566,0.1742,0.806,0.0004259,0.0004259,0.0004259
320,19431.4,0.30446,0.21244,0.86161,1,1,0.995,0.9461,0.38181,0.17833,0.81161,0.00042095,0.00042095,0.00042095
321,19491.5,0.34037,0.22442,0.89215,1,1,0.995,0.93799,0.38266,0.17656,0.81206,0.000416,0.000416,0.000416
322,19551.7,0.34158,0.22019,0.88221,1,1,0.995,0.94544,0.37375,0.17485,0.8089,0.00041105,0.00041105,0.00041105
323,19611.8,0.34736,0.21367,0.8922,1,1,0.995,0.94439,0.36767,0.17017,0.80514,0.0004061,0.0004061,0.0004061
324,19672.1,0.32735,0.21156,0.88056,1,1,0.995,0.94866,0.37073,0.16938,0.80652,0.00040115,0.00040115,0.00040115
325,19731.9,0.32225,0.23482,0.88764,1,1,0.995,0.94233,0.36904,0.17015,0.80031,0.0003962,0.0003962,0.0003962
326,19792,0.31831,0.2078,0.87972,1,1,0.995,0.94068,0.37469,0.16927,0.80418,0.00039125,0.00039125,0.00039125
327,19852.1,0.32028,0.20997,0.88544,1,1,0.995,0.94963,0.36844,0.16156,0.80284,0.0003863,0.0003863,0.0003863
328,19912.1,0.31163,0.2097,0.87792,0.99912,1,0.995,0.95658,0.36674,0.16693,0.80432,0.00038135,0.00038135,0.00038135
329,19972.2,0.30931,0.20531,0.8652,0.99912,1,0.995,0.9455,0.3714,0.16528,0.80542,0.0003764,0.0003764,0.0003764
330,20032.3,0.29091,0.19277,0.85298,1,1,0.995,0.93955,0.38142,0.17121,0.80902,0.00037145,0.00037145,0.00037145
331,20092.5,0.27844,0.18745,0.84763,0.99912,1,0.995,0.94498,0.38241,0.17472,0.81086,0.0003665,0.0003665,0.0003665
332,20152.5,0.31894,0.19894,0.89126,0.99911,1,0.995,0.94659,0.3702,0.16348,0.80789,0.00036155,0.00036155,0.00036155
333,20212.5,0.31281,0.19987,0.87316,0.99911,1,0.995,0.94827,0.37029,0.16449,0.8089,0.0003566,0.0003566,0.0003566
334,20272.7,0.32893,0.212,0.88331,0.99911,1,0.995,0.95292,0.35812,0.16199,0.8057,0.00035165,0.00035165,0.00035165
335,20332.8,0.3183,0.21542,0.88105,1,1,0.995,0.95149,0.37359,0.16556,0.81205,0.0003467,0.0003467,0.0003467
336,20393.1,0.30101,0.199,0.87077,1,1,0.995,0.94702,0.37882,0.16367,0.81108,0.00034175,0.00034175,0.00034175
337,20453.7,0.30905,0.20185,0.8677,1,1,0.995,0.94544,0.37443,0.16082,0.81247,0.0003368,0.0003368,0.0003368
338,20514,0.3007,0.20626,0.863,0.99911,1,0.995,0.95155,0.37334,0.16079,0.81387,0.00033185,0.00033185,0.00033185
339,20574.8,0.31346,0.20145,0.88534,1,1,0.995,0.94065,0.37481,0.16487,0.81079,0.0003269,0.0003269,0.0003269
340,20635,0.31453,0.20132,0.87278,1,1,0.995,0.94477,0.38589,0.16777,0.81137,0.00032195,0.00032195,0.00032195
341,20695.3,0.29616,0.19627,0.86784,1,1,0.995,0.9518,0.36539,0.1637,0.80408,0.000317,0.000317,0.000317
342,20755.7,0.31404,0.2163,0.87943,1,1,0.995,0.95408,0.35783,0.15665,0.8042,0.00031205,0.00031205,0.00031205
343,20815.9,0.27779,0.18609,0.86329,0.99913,1,0.995,0.95883,0.35777,0.16059,0.807,0.0003071,0.0003071,0.0003071
344,20876.2,0.30014,0.21539,0.88875,1,1,0.995,0.9625,0.3444,0.15891,0.80191,0.00030215,0.00030215,0.00030215
345,20936.1,0.29201,0.19634,0.87265,1,1,0.995,0.95959,0.35522,0.15992,0.80469,0.0002972,0.0002972,0.0002972
346,20996.3,0.29033,0.18467,0.86812,1,1,0.995,0.95872,0.35611,0.16134,0.80332,0.00029225,0.00029225,0.00029225
347,21056.4,0.27083,0.18541,0.85395,1,1,0.995,0.95887,0.35042,0.15809,0.79914,0.0002873,0.0002873,0.0002873
348,21116.6,0.31616,0.20292,0.88874,1,1,0.995,0.95621,0.353,0.16432,0.80085,0.00028235,0.00028235,0.00028235
349,21176.7,0.29757,0.19933,0.87459,1,1,0.995,0.95913,0.34705,0.15475,0.80078,0.0002774,0.0002774,0.0002774
350,21236.7,0.31424,0.20855,0.89016,1,1,0.995,0.96452,0.35044,0.15841,0.8004,0.00027245,0.00027245,0.00027245
351,21296.7,0.2925,0.1965,0.8639,1,1,0.995,0.96252,0.35763,0.15929,0.80102,0.0002675,0.0002675,0.0002675
352,21356.8,0.28399,0.1937,0.85525,0.99912,1,0.995,0.96004,0.3621,0.16149,0.80187,0.00026255,0.00026255,0.00026255
353,21416.9,0.29822,0.19072,0.86652,0.99911,1,0.995,0.96253,0.36388,0.15985,0.80362,0.0002576,0.0002576,0.0002576
354,21477.1,0.31087,0.1984,0.87486,1,1,0.995,0.95373,0.36075,0.15535,0.79922,0.00025265,0.00025265,0.00025265
355,21537.2,0.32332,0.20542,0.87261,1,1,0.995,0.952,0.35734,0.15425,0.79937,0.0002477,0.0002477,0.0002477
356,21597.2,0.30867,0.21002,0.88239,1,1,0.995,0.95256,0.35795,0.15811,0.80064,0.00024275,0.00024275,0.00024275
357,21657.3,0.309,0.19489,0.87334,1,1,0.995,0.95286,0.34819,0.15956,0.79924,0.0002378,0.0002378,0.0002378
358,21717.5,0.33611,0.23951,0.90556,0.99912,1,0.995,0.95901,0.35006,0.15961,0.79991,0.00023285,0.00023285,0.00023285
359,21777.6,0.2879,0.18114,0.86388,0.99912,1,0.995,0.95049,0.36129,0.16196,0.80624,0.0002279,0.0002279,0.0002279
360,21837.8,0.31832,0.21138,0.8867,1,1,0.995,0.94317,0.36452,0.15936,0.80577,0.00022295,0.00022295,0.00022295
361,21898.3,0.29309,0.19571,0.87805,1,1,0.995,0.94477,0.36226,0.15993,0.80477,0.000218,0.000218,0.000218
362,21958.4,0.29563,0.19721,0.86068,0.9991,1,0.995,0.94854,0.35998,0.15701,0.80767,0.00021305,0.00021305,0.00021305
363,22018.4,0.29363,0.19,0.8658,1,1,0.995,0.9583,0.35158,0.15179,0.80263,0.0002081,0.0002081,0.0002081
364,22078.6,0.29397,0.19597,0.86827,1,1,0.995,0.95756,0.3579,0.15828,0.80167,0.00020315,0.00020315,0.00020315
365,22138.7,0.29241,0.1986,0.86173,1,1,0.995,0.94639,0.36799,0.16385,0.80583,0.0001982,0.0001982,0.0001982
366,22198.6,0.31456,0.21632,0.88916,1,1,0.995,0.94504,0.36466,0.15769,0.80187,0.00019325,0.00019325,0.00019325
367,22258.7,0.26654,0.1819,0.86643,1,1,0.995,0.95224,0.36289,0.15714,0.80096,0.0001883,0.0001883,0.0001883
368,22318.7,0.28402,0.18663,0.86844,1,1,0.995,0.94824,0.36272,0.15632,0.80314,0.00018335,0.00018335,0.00018335
369,22379,0.27249,0.18662,0.85799,1,1,0.995,0.95534,0.36164,0.15674,0.80325,0.0001784,0.0001784,0.0001784
370,22438.9,0.27101,0.17443,0.859,0.99912,1,0.995,0.95255,0.36185,0.15953,0.80413,0.00017345,0.00017345,0.00017345
371,22498.8,0.27748,0.18418,0.86331,0.99912,1,0.995,0.95132,0.36169,0.16003,0.80547,0.0001685,0.0001685,0.0001685
372,22558.8,0.26639,0.18163,0.86693,0.99912,1,0.995,0.95159,0.36994,0.15999,0.80909,0.00016355,0.00016355,0.00016355
373,22618.7,0.28526,0.19525,0.86392,0.99911,1,0.995,0.95053,0.37642,0.16135,0.80966,0.0001586,0.0001586,0.0001586
374,22678.5,0.29156,0.19282,0.86688,0.99913,1,0.995,0.94179,0.37969,0.16441,0.80921,0.00015365,0.00015365,0.00015365
375,22738.5,0.29002,0.18482,0.86187,0.99912,1,0.995,0.94429,0.37752,0.1606,0.80885,0.0001487,0.0001487,0.0001487
376,22798.7,0.25926,0.17579,0.85931,0.99912,1,0.995,0.95306,0.36807,0.15483,0.80824,0.00014375,0.00014375,0.00014375
377,22858.7,0.25532,0.18044,0.86452,0.99911,1,0.995,0.95618,0.36773,0.15622,0.80797,0.0001388,0.0001388,0.0001388
378,22918.5,0.28359,0.19054,0.86589,0.9991,1,0.995,0.95745,0.3673,0.15344,0.80727,0.00013385,0.00013385,0.00013385
379,22978.6,0.28695,0.19333,0.85743,0.9991,1,0.995,0.95409,0.36419,0.15133,0.80559,0.0001289,0.0001289,0.0001289
380,23038.7,0.28495,0.17865,0.87524,0.99911,1,0.995,0.95551,0.36486,0.15419,0.8048,0.00012395,0.00012395,0.00012395
381,23098.8,0.29871,0.19708,0.89123,0.99911,1,0.995,0.94874,0.36705,0.15865,0.80635,0.000119,0.000119,0.000119
382,23158.6,0.28889,0.1913,0.85953,0.9991,1,0.995,0.94733,0.37066,0.15786,0.80757,0.00011405,0.00011405,0.00011405
383,23218.8,0.30109,0.19682,0.87258,0.9991,1,0.995,0.9508,0.37059,0.15916,0.80825,0.0001091,0.0001091,0.0001091
384,23279,0.29362,0.19303,0.88379,0.9991,1,0.995,0.94749,0.36973,0.15698,0.8079,0.00010415,0.00010415,0.00010415
385,23339,0.26878,0.18794,0.86854,0.9991,1,0.995,0.949,0.37025,0.15527,0.80807,9.92e-05,9.92e-05,9.92e-05
386,23398.9,0.26096,0.18115,0.85829,0.99911,1,0.995,0.95172,0.37047,0.15435,0.80925,9.425e-05,9.425e-05,9.425e-05
387,23458.7,0.277,0.18362,0.8603,0.99911,1,0.995,0.95113,0.37221,0.155,0.8104,8.93e-05,8.93e-05,8.93e-05
388,23518.9,0.26892,0.18431,0.85985,0.99911,1,0.995,0.95077,0.37314,0.15367,0.80923,8.435e-05,8.435e-05,8.435e-05
389,23578.8,0.26224,0.18283,0.86681,0.9991,1,0.995,0.95104,0.37218,0.15582,0.80788,7.94e-05,7.94e-05,7.94e-05
390,23638.8,0.27711,0.18133,0.87548,0.9991,1,0.995,0.95093,0.36947,0.15478,0.80723,7.445e-05,7.445e-05,7.445e-05
391,23698.4,0.22668,0.1537,0.85706,0.9991,1,0.995,0.95626,0.36494,0.15502,0.80794,6.95e-05,6.95e-05,6.95e-05
392,23757.9,0.21583,0.13919,0.80687,0.99909,1,0.995,0.95498,0.36217,0.15448,0.8091,6.455e-05,6.455e-05,6.455e-05
393,23817.5,0.2158,0.14187,0.82795,0.99908,1,0.995,0.95401,0.36209,0.15478,0.80845,5.96e-05,5.96e-05,5.96e-05
394,23877.2,0.20536,0.13159,0.81576,0.9991,1,0.995,0.95026,0.36221,0.15425,0.80918,5.465e-05,5.465e-05,5.465e-05
395,23936.8,0.2164,0.13633,0.81437,0.99909,1,0.995,0.95174,0.36551,0.15543,0.81036,4.97e-05,4.97e-05,4.97e-05
396,23996.4,0.20229,0.13511,0.82009,0.9991,1,0.995,0.95476,0.36468,0.15465,0.80948,4.475e-05,4.475e-05,4.475e-05
397,24055.9,0.2189,0.14594,0.8188,0.9991,1,0.995,0.95475,0.36325,0.15396,0.80917,3.98e-05,3.98e-05,3.98e-05
398,24115.5,0.19962,0.13036,0.83785,0.9991,1,0.995,0.95234,0.36488,0.15456,0.80985,3.485e-05,3.485e-05,3.485e-05
399,24175.3,0.20751,0.13949,0.82034,0.9991,1,0.995,0.95276,0.36689,0.15816,0.81047,2.99e-05,2.99e-05,2.99e-05
400,24235,0.20022,0.13146,0.841,0.99909,1,0.995,0.95445,0.36953,0.15742,0.81113,2.495e-05,2.495e-05,2.495e-05
